best_epoch,best_threshold,best_val_f1_1,test_precision_1,test_recall_1,test_f1_1,test_accuracy,tn,fp,fn,tp
131,0.15,0.3020979020979021,0.18244803695150116,0.8144329896907216,0.2981132075471698,0.8916715200931858,2983,354,18,79
