model,input_dim,hidden_channels,heads,dropout,beta,lr,weight_decay,best_epoch,threshold,val_p1,val_r1,val_f1,val_acc,test_p1,test_r1,test_f1,test_acc,tn,fp,fn,tp
TransformerConv,19,16,4,0.2,True,0.003,0.001,10,0.6000000000000002,0.4235294117647059,0.7854545454545454,0.5503184713375796,0.9645653483236298,0.3310696095076401,0.7862903225806451,0.4659498207885305,0.9439989977449261,7340,394,53,195
