model,input_dim,hidden_channels,heads,dropout,beta,lr,weight_decay,best_epoch,threshold,val_p1,val_r1,val_f1,val_acc,test_p1,test_r1,test_f1,test_acc,tn,fp,fn,tp
TransformerConv,19,16,4,0.2,True,0.003,0.001,10,0.6000000000000002,0.3844884488448845,0.8472727272727273,0.52894438138479,0.9583416984541256,0.22643553629469124,0.842741935483871,0.3569598633646456,0.9056627411676271,7020,714,39,209
