best_epoch,best_threshold,best_val_f1_1,test_precision_1,test_recall_1,test_f1_1,test_accuracy,tn,fp,fn,tp
91,0.2,0.31781701444622795,0.1953232462173315,0.5725806451612904,0.29128205128205126,0.9134302179904786,7149,585,106,142
