model,input_dim,hidden_channels,dropout,aggr,lr,weight_decay,best_epoch,threshold,val_p1,val_r1,val_f1,val_acc,test_p1,test_r1,test_f1,test_acc,tn,fp,fn,tp
GraphSAGE,19,32,0.3,mean,0.005,0.0005,10,0.5400000000000001,0.29608938547486036,0.5781818181818181,0.3916256157635468,0.9504115639429833,0.1859872611464968,0.5887096774193549,0.28267182962245885,0.9071661237785016,7095,639,102,146
