model,input_dim,hidden_channels,heads,dropout,beta,lr,weight_decay,best_epoch,threshold,val_p1,val_r1,val_f1,val_acc,test_p1,test_r1,test_f1,test_acc,tn,fp,fn,tp
TransformerConv,19,16,4,0.3,True,0.003,0.001,5,0.5100000000000001,0.4300254452926209,0.6145454545454545,0.5059880239520959,0.9668741216623168,0.3041825095057034,0.6451612903225806,0.4134366925064599,0.9431220245552493,7368,366,88,160
