model,input_dim,hidden_channels,heads,dropout,beta,lr,weight_decay,best_epoch,threshold,val_p1,val_r1,val_f1,val_acc,test_p1,test_r1,test_f1,test_acc,tn,fp,fn,tp
TransformerConv,19,16,4,0.2,True,0.003,0.001,50,0.8500000000000002,0.6209150326797386,0.6909090909090909,0.6540447504302926,0.9798233286488657,0.4748603351955307,0.6854838709677419,0.5610561056105611,0.9666750187922827,7546,188,78,170
