model,input_dim,hidden_channels,heads,dropout,beta,lr,weight_decay,best_epoch,threshold,val_p1,val_r1,val_f1,val_acc,test_p1,test_r1,test_f1,test_acc,tn,fp,fn,tp
TransformerConv,19,16,4,0.2,True,0.003,0.001,65,0.8700000000000002,0.5710306406685237,0.7454545454545455,0.6466876971608833,0.9775145553101787,0.4406779661016949,0.7338709677419355,0.5506807866868382,0.9627912803808569,7503,231,66,182
