best_epoch,best_threshold,best_val_f1_1,test_precision_1,test_recall_1,test_f1_1,test_accuracy,tn,fp,fn,tp
98,0.25,0.2877070619006103,0.19184290030211482,0.5120967741935484,0.27912087912087913,0.9178150839388625,7199,535,121,127
