best_epoch,best_threshold,best_val_f1_1,test_precision_1,test_recall_1,test_f1_1,test_accuracy,tn,fp,fn,tp
39,0.1,0.25742574257425743,0.11686746987951807,0.782258064516129,0.20335429769392033,0.8095715359559008,6268,1466,54,194
