best_epoch,best_threshold,best_val_f1_1,test_precision_1,test_recall_1,test_f1_1,test_accuracy,tn,fp,fn,tp
54,0.25,0.28756476683937826,0.22319474835886213,0.4112903225806452,0.28936170212765955,0.937233775995991,7379,355,146,102
