model,input_dim,hidden_channels,heads,dropout,beta,lr,weight_decay,best_epoch,threshold,val_p1,val_r1,val_f1,val_acc,test_p1,test_r1,test_f1,test_acc,tn,fp,fn,tp
TransformerConv,19,16,4,0.3,True,0.003,0.001,30,0.6000000000000002,0.18413793103448275,0.9709090909090909,0.3095652173913043,0.8804456936358162,0.13831018518518517,0.9637096774193549,0.24190283400809717,0.8123277374091706,6245,1489,9,239
