model,input_dim,hidden_channels,heads,dropout,beta,lr,weight_decay,best_epoch,threshold,val_p1,val_r1,val_f1,val_acc,test_p1,test_r1,test_f1,test_acc,tn,fp,fn,tp
TransformerConv,19,16,4,0.2,True,0.003,0.001,85,0.7700000000000002,0.6038961038961039,0.6763636363636364,0.6380789022298456,0.9788195141537844,0.39473684210526316,0.7258064516129032,0.5113636363636364,0.9569030318215986,7458,276,68,180
