best_epoch,best_threshold,best_val_f1_1,test_precision_1,test_recall_1,test_f1_1,test_accuracy,tn,fp,fn,tp
100,0.3,0.2942708333333333,0.20031796502384738,0.5080645161290323,0.28734321550741165,0.9216988223502881,7231,503,122,126
