model,input_dim,hidden_channels,heads,dropout,beta,lr,weight_decay,best_epoch,threshold,val_p1,val_r1,val_f1,val_acc,test_p1,test_r1,test_f1,test_acc,tn,fp,fn,tp
TransformerConv,19,16,4,0.2,True,0.003,0.001,80,0.9000000000000002,0.6423611111111112,0.6727272727272727,0.6571936056838366,0.9806263802449308,0.5602836879432624,0.6370967741935484,0.5962264150943396,0.9731896767727387,7610,124,90,158
