best_epoch,best_threshold,best_val_f1_1,test_precision_1,test_recall_1,test_f1_1,test_accuracy,tn,fp,fn,tp
68,0.25,0.30145530145530147,0.1877444589308996,0.5806451612903226,0.28374384236453204,0.9089200701578551,7111,623,104,144
