model,input_dim,hidden_channels,heads,dropout,beta,lr,weight_decay,best_epoch,threshold,val_p1,val_r1,val_f1,val_acc,test_p1,test_r1,test_f1,test_acc,tn,fp,fn,tp
TransformerConv,19,16,4,0.3,True,0.003,0.001,0,0.25000000000000006,0.3490759753593429,0.6181818181818182,0.4461942257217848,0.9576390283075688,0.2041025641025641,0.8024193548387096,0.32542927228127555,0.8966424455023804,6958,776,49,199
