best_epoch,best_threshold,best_val_f1_1,test_precision_1,test_recall_1,test_f1_1,test_accuracy,tn,fp,fn,tp
44,0.25,0.31715210355987056,0.25072886297376096,0.3467741935483871,0.2910321489001692,0.9475068905036331,7477,257,162,86
