model,input_dim,hidden_channels,heads,dropout,lr,weight_decay,best_epoch,threshold,val_p1,val_r1,val_f1,val_acc,test_p1,test_r1,test_f1,test_acc,tn,fp,fn,tp
GATv2,19,16,4,0.2,0.005,0.0005,115,0.5600000000000002,0.29458917835671344,0.5345454545454545,0.3798449612403101,0.9518169042360972,0.1956521739130435,0.43548387096774194,0.27,0.9268353796041092,7290,444,140,108
