best_epoch,best_threshold,best_val_f1_1,test_precision_1,test_recall_1,test_f1_1,test_accuracy,tn,fp,fn,tp
50,0.2,0.2800718132854578,0.2015267175572519,0.532258064516129,0.292358803986711,0.9199448759709346,7211,523,116,132
