best_epoch,best_threshold,best_val_f1_1,test_precision_1,test_recall_1,test_f1_1,test_accuracy,tn,fp,fn,tp
113,0.25,0.30552291421856637,0.19236641221374046,0.5080645161290323,0.27906976744186046,0.9184414933600601,7205,529,122,126
