model,input_dim,hidden_channels,heads,dropout,beta,lr,weight_decay,best_epoch,threshold,val_p1,val_r1,val_f1,val_acc,test_p1,test_r1,test_f1,test_acc,tn,fp,fn,tp
TransformerConv,19,16,4,0.2,True,0.003,0.001,5,0.6000000000000002,0.5700325732899023,0.6363636363636364,0.6013745704467354,0.9767115037141136,0.3968957871396896,0.7217741935483871,0.5121602288984263,0.9572788774743172,7462,272,69,179
