model,input_dim,hidden_channels,heads,dropout,beta,lr,weight_decay,best_epoch,threshold,val_p1,val_r1,val_f1,val_acc,test_p1,test_r1,test_f1,test_acc,tn,fp,fn,tp
TransformerConv,19,16,4,0.2,True,0.003,0.001,40,0.8600000000000002,0.5718232044198895,0.7527272727272727,0.6499215070643642,0.9776149367596868,0.4362745098039216,0.717741935483871,0.5426829268292683,0.9624154347281383,7504,230,70,178
