model,input_dim,hidden_channels,dropout,lr,weight_decay,best_epoch,threshold,val_p1,val_r1,val_f1,val_acc,test_p1,test_r1,test_f1,test_acc,tn,fp,fn,tp
GIN,19,32,0.3,0.005,0.001,30,0.27,0.11648351648351649,0.5781818181818181,0.19390243902439025,0.867295723750251,0.1075098814229249,0.5483870967741935,0.1797752808988764,0.8445251816587321,6605,1129,112,136
