model,input_dim,hidden_channels,heads,dropout,beta,lr,weight_decay,best_epoch,threshold,val_p1,val_r1,val_f1,val_acc,test_p1,test_r1,test_f1,test_acc,tn,fp,fn,tp
TransformerConv,19,16,4,0.2,True,0.003,0.001,10,0.5900000000000002,0.40976645435244163,0.7018181818181818,0.517426273458445,0.9638626781770728,0.2824858757062147,0.8064516129032258,0.41841004184100417,0.9303432723628163,7226,508,48,200
