model,input_dim,hidden_channels,dropout,lr,weight_decay,best_epoch,threshold,val_p1,val_r1,val_f1,val_acc,test_p1,test_r1,test_f1,test_acc,tn,fp,fn,tp
GCN,19,32,0.3,0.005,0.0005,95,0.27,0.12613240418118468,0.6581818181818182,0.21169590643274855,0.8646858060630396,0.10850439882697947,0.5967741935483871,0.18362282878411912,0.8351290403407667,6518,1216,100,148
