model,input_dim,best_epoch,best_threshold,val_precision_1,val_recall_1,val_f1_1,val_accuracy,test_precision_1,test_recall_1,test_f1_1,test_accuracy
GCN,11,24,0.6,0.2803738317757009,0.2459016393442623,0.26200873362445415,0.9456416854293985,0.22535211267605634,0.10596026490066225,0.14414414414414414,0.9582233948988567
GAT,11,22,0.5,0.15481171548117154,0.6065573770491803,0.24666666666666667,0.8546156320360244,0.15658362989323843,0.2913907284768212,0.2037037037037037,0.9243623570800352
