model,input_dim,best_epoch,best_threshold,val_precision_1,val_recall_1,val_f1_1,val_accuracy,test_precision_1,test_recall_1,test_f1_1,test_accuracy
GCN,43,11,0.4,0.19090909090909092,0.3442622950819672,0.24561403508771928,0.9170151174010936,0.13125,0.2781456953642384,0.17834394904458598,0.9149076517150396
GAT,43,34,0.4,0.1278538812785388,0.6885245901639344,0.21566110397946084,0.80347378578321,0.10506208213944604,0.7284768211920529,0.18363939899833054,0.7849604221635884
