model,input_dim,best_epoch,best_threshold,val_precision_1,val_recall_1,val_f1_1,val_accuracy,test_precision_1,test_recall_1,test_f1_1,test_accuracy
GCN,5,35,0.6,0.22509225092250923,0.5,0.3104325699745547,0.9128337085879704,0.18867924528301888,0.26490066225165565,0.22038567493112948,0.9377748460861918
GAT,5,191,0.5,0.3049645390070922,0.3524590163934426,0.3269961977186312,0.9430685107751688,0.21839080459770116,0.25165562913907286,0.23384615384615384,0.9452506596306068
