model,best_epoch,best_threshold,val_precision_1,val_recall_1,val_f1_1,val_accuracy,test_precision_1,test_recall_1,test_f1_1,test_accuracy
GCN,7,0.5,0.3434343434343434,0.2786885245901639,0.3076923076923077,0.9507880347378578,0.19402985074626866,0.17218543046357615,0.1824561403508772,0.9487686895338611
GAT,56,0.5,0.15891472868217055,0.6721311475409836,0.25705329153605017,0.8475394017368929,0.1746031746031746,0.36423841059602646,0.23605150214592274,0.9217238346525946
