best_epoch,best_threshold,best_val_f1_1,test_precision_1,test_recall_1,test_f1_1,test_accuracy,tn,fp,fn,tp
25,0.5,0.6953125,0.696078431372549,0.5259259259259259,0.5991561181434599,0.8240740740740741,374,31,64,71
