hidden_channels,heads,dropout,best_epoch,best_threshold,val_precision_1,val_recall_1,val_f1_1,val_accuracy,test_precision_1,test_recall_1,test_f1_1,test_accuracy
16,4,0.2,56,0.5,0.15891472868217055,0.6721311475409836,0.25705329153605017,0.8475394017368929,0.1746031746031746,0.36423841059602646,0.23605150214592274,0.9217238346525946
32,4,0.2,26,0.5,0.16071428571428573,0.5901639344262295,0.25263157894736843,0.8629784496622708,0.14244186046511628,0.32450331125827814,0.19797979797979798,0.9127088830255057
16,8,0.2,42,0.5,0.1610738255033557,0.5901639344262295,0.2530755711775044,0.8633000964940495,0.14912280701754385,0.33774834437086093,0.20689655172413793,0.9140281442392261
32,8,0.2,6,0.4,0.15570175438596492,0.5819672131147541,0.24567474048442905,0.8597619813444838,0.13662790697674418,0.31125827814569534,0.1898989898989899,0.9118293755496921
16,4,0.3,20,0.5,0.16017316017316016,0.6065573770491803,0.2534246575342466,0.8597619813444838,0.16423357664233576,0.2980132450331126,0.21176470588235294,0.9263412489006156
