best_epoch,best_threshold,best_val_f1_1,test_precision_1,test_recall_1,test_f1_1,test_accuracy,tn,fp,fn,tp
47,0.1,0.2127659574468085,0.15192743764172337,0.44370860927152317,0.22635135135135134,0.8992963940193491,4023,374,84,67
