best_epoch,best_threshold,best_val_f1_1,test_precision_1,test_recall_1,test_f1_1,test_accuracy,tn,fp,fn,tp
47,0.05,0.25161290322580643,0.14887640449438203,0.3509933774834437,0.20907297830374755,0.9118293755496921,4094,303,98,53
