best_epoch,best_threshold,best_val_f1_1,test_precision_1,test_recall_1,test_f1_1,test_accuracy,tn,fp,fn,tp
4,0.3,0.2513274336283186,0.13381995133819952,0.36423841059602646,0.19572953736654805,0.9006156552330695,4041,356,96,55
